Product_Category,Orders,Units_Sold,Net_Revenue,Profit,Avg_Profit_Margin,Total_Profit_Margin
Household,3237,657398,2781519.79,674964.78875,22.87722891566265,24.26604301636121
Personal Care,3439,663293,2535270.77,674002.37,26.01366676359407,26.58502507801169
Dairy & Breakfast,2925,594962,2106841.34,541004.61625,24.64405811965812,25.67846975368349
Snacks,4283,872531,2452907.44,534401.315,18.47730562689704,21.78644437557741
Beverages,4356,930209,3320377.68,497021.4025,11.47690082644628,14.96882133299968
