Sales_Channel,Orders,Net_Revenue,Profit,Avg_Profit_Margin,Total_Profit_Margin
Wholesale,2848,4251994.97,1055134.19,26.48565308988764,24.81503852766787
Distributor,3629,4161933.03,1030931.7725,25.46414714797465,24.77050363542251
Modern Trade,6219,3364558.84,659214.3775,19.95542691751086,19.59289193171013
Online,5544,1418430.18,176114.1525,13.12893398268398,12.41613122614185
