Discount_Bin,Orders,Avg_Units,Avg_Net_Revenue,Avg_Profit,Avg_Profit_Margin
0-5%,1535,76.48078175895766,337.254006514658,61.44067671009772,17.59595439739414
5-10%,4409,125.0902699024722,491.1917282830574,103.8802066795192,18.9158743479247
10-15%,5842,189.6451557685724,691.066918863403,153.9386132745635,19.62215679561794
15-20%,4266,274.7494139709329,938.9378621659635,212.9571718237225,21.33466244725738
20-25%,1769,339.3063877897117,1097.888925946863,249.3537302148106,22.14424533634822
25-30%,419,403.9403341288783,1261.767112171838,286.8348448687351,22.67489260143198
