Region,Orders,Net_Revenue,Profit,Avg_Profit_Margin,Total_Profit_Margin
Europe,5532,4297072.58,957616.805,20.37174258857556,22.28533000482854
North America,4150,3047325.13,688627.79,20.55427710843373,22.59777872799546
Asia,4420,2782970.14,624380.3525,20.09503167420814,22.43575464665244
South America,2303,1615087.81,368016.29875,20.48820668693009,22.78614800207055
Oceania,1835,1454461.36,282753.24625,16.74606539509537,19.44040962697008
