Year,Orders,Units_Sold,Net_Revenue,Profit,Avg_Profit_Margin,Revenue_YoY,Profit_YoY
2023,6069,1217231,4240090.86,937080.6175,19.99542923051574,,
2024,6073,1252554,4414723.29,977801.255,20.01072451835995,4.118601128278643,4.345478578848105
2025,6098,1248608,4542102.87,1006512.62,19.98241226631682,2.88533553820991,2.936319098915452
